,date
1,2022-12-27 02:06:16 UTC
2,2022-12-30 06:23:07 UTC
3,2022-12-30 23:44:21 UTC
4,2022-12-31 06:14:25 UTC
5,2023-01-01 23:21:39 UTC
6,2023-01-02 05:52:16 UTC
7,2023-01-03 06:02:18 UTC
8,2023-01-04 05:50:19 UTC
9,2023-01-05 23:47:24 UTC
10,2023-01-05 23:53:32 UTC
11,2023-01-06 08:25:31 UTC
12,2023-01-07 08:18:04 UTC
13,2023-01-08 23:08:07 UTC
14,2023-01-09 07:57:46 UTC
15,2023-01-09 23:14:19 UTC
16,2023-01-10 23:06:34 UTC
17,2023-01-11 02:18:23 UTC
18,2023-01-12 20:27:59 UTC
19,2023-01-13 19:50:11 UTC
20,2023-01-13 23:12:59 UTC
21,2023-01-14 01:49:01 UTC
22,2023-01-14 07:52:58 UTC
23,2023-01-15 02:06:15 UTC
24,2023-01-21 06:32:17 UTC
25,2023-01-23 21:08:08 UTC
26,2023-01-24 01:51:37 UTC
27,2023-01-24 08:02:13 UTC
28,2023-01-24 20:53:30 UTC
29,2023-01-25 01:55:35 UTC
30,2023-01-25 20:15:32 UTC
31,2023-01-26 01:59:02 UTC
32,2023-01-27 01:44:37 UTC
33,2023-01-27 20:03:38 UTC
34,2023-01-28 01:55:16 UTC
35,2023-01-28 20:01:23 UTC
36,2023-01-29 01:50:19 UTC
37,2023-02-03 02:13:14 UTC
38,2023-02-04 01:55:17 UTC
39,2023-02-04 20:10:21 UTC
40,2023-02-05 01:52:28 UTC
41,2023-02-05 20:02:27 UTC
42,2023-02-06 01:53:44 UTC
43,2023-02-07 02:10:46 UTC
44,2023-02-07 20:00:40 UTC
45,2023-02-09 20:30:30 UTC
46,2023-02-11 20:35:43 UTC
47,2023-02-13 20:49:39 UTC
48,2023-02-19 20:29:10 UTC
49,2023-02-20 06:36:42 UTC
50,2023-02-20 07:36:49 UTC
51,2023-02-20 08:37:03 UTC
52,2023-02-20 09:37:14 UTC
53,2023-02-22 00:12:47 UTC
54,2023-02-23 02:21:35 UTC
55,2023-02-24 02:24:57 UTC
56,2023-02-25 22:21:04 UTC
57,2023-02-26 02:05:14 UTC
58,2023-02-26 20:16:20 UTC
59,2023-02-26 21:57:08 UTC
60,2023-02-27 20:53:38 UTC
61,2023-02-28 01:57:17 UTC
62,2023-02-28 20:28:41 UTC
63,2023-02-28 21:31:17 UTC
64,2023-03-01 01:57:46 UTC
65,2023-03-01 02:40:15 UTC
66,2023-03-01 20:33:19 UTC
67,2023-03-01 21:57:13 UTC
68,2023-03-02 20:31:28 UTC
69,2023-03-02 21:31:44 UTC
70,2023-03-03 02:07:33 UTC
71,2023-03-03 21:38:16 UTC
72,2023-03-05 22:06:05 UTC
73,2023-03-06 22:57:09 UTC
74,2023-03-07 07:51:39 UTC
75,2023-03-08 05:36:37 UTC
76,2023-03-08 06:22:29 UTC
77,2023-03-08 08:29:49 UTC
78,2023-03-08 17:56:10 UTC
79,2023-03-08 23:45:26 UTC
80,2023-03-09 01:54:14 UTC
81,2023-03-09 21:32:21 UTC
82,2023-03-09 23:07:53 UTC
83,2023-03-10 20:43:45 UTC
84,2023-03-10 22:03:22 UTC
85,2023-03-10 23:21:46 UTC
86,2023-03-11 01:54:28 UTC
87,2023-03-11 04:15:50 UTC
88,2023-03-11 21:45:45 UTC
89,2023-03-12 03:55:50 UTC
90,2023-03-12 18:00:55 UTC
91,2023-03-12 20:26:59 UTC
92,2023-03-13 21:05:55 UTC
93,2023-03-13 22:32:53 UTC
94,2023-03-15 02:43:51 UTC
95,2023-03-19 02:38:41 UTC
96,2023-03-20 02:48:07 UTC
97,2023-03-20 19:29:50 UTC
98,2023-03-20 20:29:53 UTC
99,2023-03-21 02:43:09 UTC
100,2023-03-21 19:32:23 UTC
101,2023-03-21 20:33:04 UTC
102,2023-03-21 21:41:34 UTC
103,2023-03-22 20:33:25 UTC
104,2023-03-23 02:41:51 UTC
105,2023-03-23 21:23:12 UTC
106,2023-03-23 22:23:21 UTC
107,2023-03-23 23:57:27 UTC
108,2023-03-23 23:57:28 UTC
109,2023-03-24 05:58:06 UTC
110,2023-03-24 07:36:32 UTC
111,2023-03-24 07:36:34 UTC
112,2023-03-24 18:07:57 UTC
113,2023-03-24 23:59:32 UTC
114,2023-03-24 23:59:34 UTC
115,2023-03-25 06:00:55 UTC
116,2023-03-25 18:17:33 UTC
117,2023-03-25 22:22:16 UTC
118,2023-03-26 06:39:03 UTC
119,2023-03-26 22:35:21 UTC
120,2023-03-26 22:35:22 UTC
121,2023-03-26 23:35:36 UTC
122,2023-03-27 20:51:40 UTC
123,2023-03-27 23:55:16 UTC
124,2023-03-28 20:27:04 UTC
125,2023-03-28 20:27:04 UTC
126,2023-03-29 02:25:28 UTC
127,2023-03-29 17:26:48 UTC
128,2023-03-29 21:31:27 UTC
129,2023-03-30 00:53:46 UTC
130,2023-03-30 02:00:26 UTC
131,2023-03-30 04:45:03 UTC
132,2023-03-30 06:14:12 UTC
133,2023-03-30 06:15:37 UTC
134,2023-03-30 15:55:20 UTC
135,2023-03-30 20:30:10 UTC
136,2023-03-31 02:29:43 UTC
137,2023-03-31 08:06:27 UTC
138,2023-03-31 08:06:29 UTC
139,2023-03-31 18:47:51 UTC
140,2023-03-31 22:38:12 UTC
141,2023-04-01 06:27:16 UTC
142,2023-04-01 18:07:18 UTC
143,2023-04-02 00:27:23 UTC
144,2023-04-02 23:37:10 UTC
145,2023-04-03 15:35:32 UTC
146,2023-04-03 20:43:24 UTC
147,2023-04-03 21:12:15 UTC
148,2023-04-03 22:49:13 UTC
149,2023-04-04 00:50:28 UTC
150,2023-04-04 04:41:37 UTC
151,2023-04-04 06:58:32 UTC
152,2023-04-04 15:17:15 UTC
