date,ip
registration ip,71.85.26.71
2022-12-27 02:06:16 UTC,107.77.205.173
2022-12-30 06:23:07 UTC,71.85.26.71
2022-12-30 23:44:21 UTC,71.85.26.71
2022-12-31 06:14:25 UTC,71.85.26.71
2023-01-01 23:21:39 UTC,71.85.26.71
2023-01-02 05:52:16 UTC,71.85.26.71
2023-01-03 06:02:18 UTC,71.85.26.71
2023-01-04 05:50:19 UTC,71.85.26.71
2023-01-05 23:47:24 UTC,107.77.205.176
2023-01-05 23:53:32 UTC,107.191.233.213
2023-01-06 08:25:31 UTC,71.85.26.71
2023-01-07 08:18:04 UTC,71.85.26.71
2023-01-08 23:08:07 UTC,71.85.26.71
2023-01-09 07:57:46 UTC,71.85.26.71
2023-01-09 23:14:19 UTC,71.84.179.193
2023-01-10 23:06:34 UTC,71.85.26.71
2023-01-11 02:18:23 UTC,107.77.205.8
2023-01-12 20:27:59 UTC,107.191.231.92
2023-01-13 19:50:11 UTC,71.85.26.71
2023-01-13 23:12:59 UTC,71.85.26.71
2023-01-14 01:49:01 UTC,71.85.26.71
2023-01-14 07:52:58 UTC,71.85.26.71
2023-01-15 02:06:15 UTC,71.85.26.71
2023-01-21 06:32:17 UTC,71.85.26.71
2023-01-23 21:08:08 UTC,71.85.26.71
2023-01-24 01:51:37 UTC,8.48.2.40
2023-01-24 08:02:13 UTC,71.85.26.71
2023-01-24 20:53:30 UTC,71.85.26.71
2023-01-25 01:55:35 UTC,107.191.231.8
2023-01-25 20:15:32 UTC,107.191.235.254
2023-01-26 01:59:02 UTC,107.191.235.19
2023-01-27 01:44:37 UTC,107.191.225.145
2023-01-27 20:03:38 UTC,107.191.235.254
2023-01-28 01:55:16 UTC,107.191.226.70
2023-01-28 20:01:23 UTC,71.85.26.71
2023-01-29 01:50:19 UTC,71.85.26.71
2023-02-03 02:13:14 UTC,107.191.233.0
2023-02-04 01:55:17 UTC,107.191.224.209
2023-02-04 20:10:21 UTC,107.191.234.63
2023-02-05 01:52:28 UTC,71.85.26.71
2023-02-05 20:02:27 UTC,71.85.26.71
2023-02-06 01:53:44 UTC,71.85.26.71
2023-02-07 02:10:46 UTC,107.191.235.254
2023-02-07 20:00:40 UTC,8.48.2.40
2023-02-09 20:30:30 UTC,71.85.26.71
2023-02-11 20:35:43 UTC,71.85.26.71
2023-02-13 20:49:39 UTC,107.191.235.254
2023-02-19 20:29:10 UTC,107.191.232.242
2023-02-20 06:36:42 UTC,71.85.26.71
2023-02-20 07:36:49 UTC,71.85.26.71
2023-02-20 08:37:03 UTC,71.85.26.71
2023-02-20 09:37:14 UTC,71.85.26.71
2023-02-22 00:12:47 UTC,71.85.26.71
2023-02-23 02:21:35 UTC,107.191.224.210
2023-02-24 02:24:57 UTC,71.85.26.71
2023-02-25 22:21:04 UTC,71.85.26.71
2023-02-26 02:05:14 UTC,71.85.26.71
2023-02-26 20:16:20 UTC,107.191.227.40
2023-02-26 21:57:08 UTC,107.191.233.191
2023-02-27 20:53:38 UTC,107.191.235.254
2023-02-28 01:57:17 UTC,192.34.239.148
2023-02-28 20:28:41 UTC,71.85.26.71
2023-02-28 21:31:17 UTC,107.191.224.54
2023-03-01 01:57:46 UTC,107.191.224.54
2023-03-01 02:40:15 UTC,107.191.225.250
2023-03-01 20:33:19 UTC,192.34.239.234
2023-03-01 21:57:13 UTC,192.34.239.234
2023-03-02 20:31:28 UTC,71.85.26.71
2023-03-02 21:31:44 UTC,107.191.235.174
2023-03-03 02:07:33 UTC,107.191.235.174
2023-03-03 21:38:16 UTC,71.85.26.71
2023-03-05 22:06:05 UTC,71.85.26.71
2023-03-06 22:57:09 UTC,107.191.232.78
2023-03-07 07:51:39 UTC,107.191.235.85
2023-03-08 05:36:37 UTC,71.85.26.71
2023-03-08 06:22:29 UTC,107.191.233.182
2023-03-08 08:29:49 UTC,107.191.233.182
2023-03-08 17:56:10 UTC,71.85.26.71
2023-03-08 23:45:26 UTC,107.191.229.127
2023-03-09 01:54:14 UTC,71.85.26.71
2023-03-09 21:32:21 UTC,107.191.232.10
2023-03-09 23:07:53 UTC,107.191.234.141
2023-03-10 20:43:45 UTC,71.85.26.71
2023-03-10 22:03:22 UTC,107.191.229.43
2023-03-10 23:21:46 UTC,71.85.26.71
2023-03-11 01:54:28 UTC,71.85.26.71
2023-03-11 04:15:50 UTC,71.85.26.71
2023-03-11 21:45:45 UTC,71.85.26.71
2023-03-12 03:55:50 UTC,173.10.94.37
2023-03-12 18:00:55 UTC,107.77.211.92
2023-03-12 20:26:59 UTC,156.39.10.100
2023-03-13 21:05:55 UTC,187.199.80.116
2023-03-13 22:32:53 UTC,187.199.80.116
2023-03-15 02:43:51 UTC,187.199.80.116
2023-03-19 02:38:41 UTC,71.85.26.71
2023-03-20 02:48:07 UTC,71.85.26.71
2023-03-20 19:29:50 UTC,71.85.26.71
2023-03-20 20:29:53 UTC,71.85.26.71
2023-03-21 02:43:09 UTC,71.85.26.71
2023-03-21 19:32:23 UTC,107.191.230.225
2023-03-21 20:33:04 UTC,71.85.26.71
2023-03-21 21:41:34 UTC,71.85.26.71
2023-03-22 20:33:25 UTC,107.191.235.225
2023-03-23 02:41:51 UTC,107.191.235.140
2023-03-23 21:23:12 UTC,71.85.26.71
2023-03-23 22:23:21 UTC,71.85.26.71
2023-03-23 23:57:27 UTC,71.85.26.71
2023-03-23 23:57:28 UTC,2600:6c54:7500:a5f:9499:3574:a65d:fccc
2023-03-24 05:58:06 UTC,71.85.26.71
2023-03-24 07:36:32 UTC,71.85.26.71
2023-03-24 07:36:34 UTC,2600:6c54:7500:a5f::1
2023-03-24 18:07:57 UTC,107.191.228.39
2023-03-24 23:59:32 UTC,107.77.213.173
2023-03-24 23:59:34 UTC,2600:387:6:807::bf
2023-03-25 06:00:55 UTC,71.85.26.71
2023-03-25 18:17:33 UTC,107.77.213.173
2023-03-25 22:22:16 UTC,71.85.26.71
2023-03-26 06:39:03 UTC,71.85.26.71
2023-03-26 22:35:21 UTC,2600:6c54:7500:a5f::1
2023-03-26 22:35:22 UTC,71.85.26.71
2023-03-26 23:35:36 UTC,71.85.26.71
2023-03-27 20:51:40 UTC,192.34.239.97
2023-03-27 23:55:16 UTC,192.34.239.97
2023-03-28 20:27:04 UTC,2600:6c54:7500:a5f:51b7:f414:f70e:5cf9
2023-03-28 20:27:04 UTC,71.85.26.71
2023-03-29 02:25:28 UTC,71.85.26.71
2023-03-29 17:26:48 UTC,107.191.224.141
2023-03-29 21:31:27 UTC,107.191.224.141
2023-03-30 00:53:46 UTC,71.85.26.71
2023-03-30 02:00:26 UTC,71.85.26.71
2023-03-30 04:45:03 UTC,71.85.26.71
2023-03-30 06:14:12 UTC,71.85.26.71
2023-03-30 06:15:37 UTC,2600:6c54:7500:a5f:fdfd:1449:3123:23b9
2023-03-30 15:55:20 UTC,107.191.231.153
2023-03-30 20:30:10 UTC,107.191.231.153
2023-03-31 02:29:43 UTC,71.85.26.71
2023-03-31 08:06:27 UTC,71.85.26.71
2023-03-31 08:06:29 UTC,2600:6c54:7500:a5f:43a:5fb6:6c8d:3a43
2023-03-31 18:47:51 UTC,107.191.230.41
2023-03-31 22:38:12 UTC,71.85.26.71
2023-04-01 06:27:16 UTC,71.85.26.71
2023-04-01 18:07:18 UTC,107.191.230.45
2023-04-02 00:27:23 UTC,71.85.26.71
2023-04-02 23:37:10 UTC,71.85.26.71
2023-04-03 15:35:32 UTC,71.85.26.71
2023-04-03 20:43:24 UTC,107.191.235.254
2023-04-03 21:12:15 UTC,107.191.224.131
2023-04-03 22:49:13 UTC,107.191.235.254
2023-04-04 00:50:28 UTC,71.85.26.71
2023-04-04 04:41:37 UTC,71.85.26.71
2023-04-04 06:58:32 UTC,71.85.26.71
2023-04-04 15:17:15 UTC,71.85.26.71
2023-04-04 17:30:56 UTC,107.191.235.254
