id,permalink,direction
jevrh0g,https://www.reddit.com/r/gradadmissions/comments/12aq6xh/looks_like_gatech_send_another_round_of_decisions/jevrh0g/,up
jevmdk1,https://www.reddit.com/r/MSCS/comments/12ay8nr/gtech_admit_ms_cs/jevmdk1/,up
imz1802,https://www.reddit.com/r/textbookrequest/comments/pem7xh/request_how_children_develop_6th_edition_isbn/imz1802/,up
jevtr6j,https://www.reddit.com/r/MSCS/comments/12ay8nr/gtech_admit_ms_cs/jevtr6j/,up
jevq986,https://www.reddit.com/r/MSCS/comments/12ay8nr/gtech_admit_ms_cs/jevq986/,up
jdn1bak,https://www.reddit.com/r/gradadmissions/comments/121lx6b/help_your_fellow_applicants/jdn1bak/,up
jevvxz3,https://www.reddit.com/r/gradadmissions/comments/12aof2j/gatech_admit/jevvxz3/,up
jevlhau,https://www.reddit.com/r/MSCS/comments/12ay8nr/gtech_admit_ms_cs/jevlhau/,up
jevrprs,https://www.reddit.com/r/MSCS/comments/12ay8nr/gtech_admit_ms_cs/jevrprs/,up
jevrdve,https://www.reddit.com/r/MSCS/comments/12ay8nr/gtech_admit_ms_cs/jevrdve/,up
jetjzi3,https://www.reddit.com/r/gradadmissions/comments/12arxdq/got_rejected_from_most_schools_ive_applied_for_ms/jetjzi3/,up
jeruefw,https://www.reddit.com/r/gradadmissions/comments/12abx0m/confused_scared/jeruefw/,up
imz1b6n,https://www.reddit.com/r/textbookrequest/comments/s7c0q4/how_children_develop_6th_edition/imz1b6n/,up
