id,permalink,date,ip,subreddit,gildings,link,parent
imz1802,https://www.reddit.com/r/textbookrequest/comments/pem7xh/request_how_children_develop_6th_edition_isbn/imz1802/,2022-09-03 20:51:20 UTC,,textbookrequest,0,https://www.reddit.com/r/textbookrequest/comments/pem7xh/request_how_children_develop_6th_edition_isbn/,
imz1b6n,https://www.reddit.com/r/textbookrequest/comments/s7c0q4/how_children_develop_6th_edition/imz1b6n/,2022-09-03 20:51:58 UTC,,textbookrequest,0,https://www.reddit.com/r/textbookrequest/comments/s7c0q4/how_children_develop_6th_edition/,ht92wig
jevrdve,https://www.reddit.com/r/MSCS/comments/12ay8nr/gtech_admit_ms_cs/jevrdve/,2023-04-04 04:42:19 UTC,71.85.26.71,MSCS,0,https://www.reddit.com/r/MSCS/comments/12ay8nr/gtech_admit_ms_cs/,jevq986
jevvxz3,https://www.reddit.com/r/gradadmissions/comments/12aof2j/gatech_admit/jevvxz3/,2023-04-04 05:34:15 UTC,71.85.26.71,gradadmissions,0,https://www.reddit.com/r/gradadmissions/comments/12aof2j/gatech_admit/,
