id,permalink,direction
12b9nc3,https://www.reddit.com/r/gradadmissions/comments/12b9nc3/i_finally_got_an_ms_cs_admission_with_full_funding/,up
12andac,https://www.reddit.com/r/gradadmissions/comments/12andac/gatech_admit/,up
12b400v,https://www.reddit.com/r/gradadmissions/comments/12b400v/waitlist_miracles_happen/,up
12aiway,https://www.reddit.com/r/OnlineMCIT/comments/12aiway/getting_closer_fall_2023_admission_cycle/,up
12aof2j,https://www.reddit.com/r/gradadmissions/comments/12aof2j/gatech_admit/,up
12aly9c,https://www.reddit.com/r/gradadmissions/comments/12aly9c/georgia_tech_ms_cs/,up
12ay8nr,https://www.reddit.com/r/MSCS/comments/12ay8nr/gtech_admit_ms_cs/,up
11zuhj8,https://www.reddit.com/r/gradadmissions/comments/11zuhj8/got_into_upenn/,up
1272lzv,https://www.reddit.com/r/gradadmissions/comments/1272lzv/never_give_up_on_your_dreams/,up
12ank0v,https://www.reddit.com/r/gradadmissions/comments/12ank0v/got_in_gatech/,none
